{
    "experience" : [
        {
            "company": "Edosoft",
            "position": "Full Stack Developer",
            "from": "04/01/2018",
            "to": null,
            "projects": [
                {
                    "name": "Control Panel",
                    "technologies": "Pentaho BI Suite, MySQL, Liferay",
                    "responsabilities": "In this project I used Pentaho BI Suite to create some ETL's, then create the MySQL queries to generate some KPIs given by the client over the processed data and then show them in a Pentaho Dashboard, this Dashboard was integrated in a Liferay platform, I also worked in the automation of the execution of the ETL's processes (some were executed daily and some monthly) and the initial deployment of them."
                },
                {
                    "name": "Database Integration",
                    "technologies": "BPA Taskcentre, SQL Server, MySQL, Python and Webservices",
                    "responsabilities": "I did almost everything in this project that consisted in an integration between the database of the clients ERP (Navision) with the database of his website (MySQL), so all the changes made in the client database are also made in the website database. To do that I used the BPA Taskcentre to manage the tasks that transfer the information from one database to the other. Depending on the entity to transfer I had to work with Webservices or Python Scripts"
                },
                {
                    "name": "Ethic Channel",
                    "technologies": "Python (Flask), Angular 6 and Google Cloud Platform (Cloud Storage, Firebase, Cloud Firestore, Google KMS)",
                    "responsabilities": "In this project I did little tasks both in backend and in frontend, however my main contribution was with the encryption of the complaints. This project consisted in an ethic channel where workers can report illicit activities anonymously."
                },
                {
                    "name": "Migration of Oracle Forms",
                    "technologies": "Python (Flask), Angular 7, SQL Server, Docker, docker-compose",
                    "responsabilities": "This project consisted in the migration of Oracle Forms 6 to a more modern stack. I worked both in backend and in frontend I also was in charge to create the development environment with Docker and docker-compose, so all the developers would have the same environment and there were no dependency problems."
                },
                {
                    "name": "Collaborative agendas",
                    "technologies": "Python (Flask), Angular 7, MySQL, Docker, docker-compose",
                    "responsabilities": "This project consisted in a Collaborative Agenda where promoters can promote events in a local government website. I worked both in backend and in frontend I also was in charge to create the development environment with Docker and docker-compose, so all the developers would have the same environment and there were no dependency problems. I was also in charge of the deployment of the application in the client server."
                }
            ],
            "logo": "https://edosoft.es/assets/images/logo-blue.png",
            "recommendation": ""
        },
        {
            "company": "ITER",
            "position": "Computer Engineer",
            "from": "10/10/2017",
            "to": "04/04/2018",
            "projects": [
                {
                    "name": "Tetsuki",
                    "technologies": "Python, Angular 4, Docker, Google Cloud Platform (Kubernettes, App Engine and Datastore)",
                    "responsabilities": "I worked in a project that collected tenders' information from public websites. I used a variety of languages and technologies such us: Python for the web scrappers and the server backend, Docker and Kubernettes to deploy the scrappers. Google App Engine Standard for the application, Google Datastore as database (latter on was changed to Elasticsearch and I did the migration of the database and all the api endpoints) and Angular 4 for the web client. I also wrote some unit and functional test in Python."
                }
            ],
            "logo": "https://www.cienciacanaria.es/scei2015/images/colaboradores/logo_ITER.jpg",
            "recommendation": ""
        },
        {
            "company": "Laureon",
            "position": "Computer Engineer (Remote)",
            "from": "03/03/2017",
            "to": "09/09/2017",
            "projects": [
                {
                    "name": "Laureon",
                    "technologies": "Python (Django), Open Edx, Google Cloud Platform (Compute Engine)",
                    "responsabilities": "I deployed an online platform where my company offered courses. The chosen platform was Open Edx, and was deployed on Google Cloud Platform. I worked on the integration of Vimeo in the platform and on the website where the courses where sold, that was written in Python using the Django Framework."
                }
            ],
            "logo": "https://www.laureon.es/static/img/og_image.15f7def9cd9e.png",
            "recommendation": "https://drive.google.com/file/d/0Bz02AoaiYQUjMlh3X285UzBkaUNlY2FacXYwbnB6S3hXUGJZ/view?usp=sharing"
        }
    ]
}