{
    "projects" : [
        {
            "name": "Virtual CV",
            "info": [
                "In this roject I have created a virtual curriculum vitae where I can show information about me.",
                "Is developed in Angular 7 and deployed in Google App Engine.",
                "At first the main reason behind this project was to practise Angular, but as time passed I changed my mind in order to expand its potential, so it will serve as a template for others, that they will only need to fill some information in some files and this will produce a virtual CV. In the future I will write a tutorial post in which I\"ll show what changes you have to do in order to obtain your own CV"
            ],
            "technologies": "Angular 7",
            "repository": "https://github.com/CarlosEspinoTimon/vcv",
            "web": "https://carlos.espino.codes"
        },
        {
            "name": "CRM",
            "info": [
                "This is an example of a Customer Relationship Managment. The backend server is developed in Flask and it uses MySQL as database",
                "I used docker-compose and Docker to create a development environment easily shareable, so if anyone wants to participate it just clone the project, start it with just one command (having Docker and docker-compose installed) and start coding.",
                "I implemented a CI/CD pipeline, using Jenkins to automate all the deploymentment. In this case the Jenkins pipeline runs some tests and the deploys the server in Google App Engine when changes are made in the master branch."
            ],
            "technologies": "Python, Flask, Docker, docker-compose, Jenkins, MySQL",
            "repository": "https://github.com/CarlosEspinoTimon/crm_service",
            "web": ""
        },
        {
            "name": "Shopping list",
            "info": [
                "This is a project where I wanted to extract information about products from the supermarkets websites and offer it to the users to help them to do their grocery list as cheap as possible.",
                "It consisted in a web client written in Angular 6, a backend server written in Python (Flask), a MySQL instance deployed in Google Compute Engine and a web scrapper written in Python.",
                "I even wrote an article in Medium about this that you can find in the articles section."
            ],
            "technologies": "Python, Flask, Angular 6, MySQL",
            "repository": "https://github.com/CarlosEspinoTimon/shopping_list",
            "web": ""
        },
        {
            "name": "Sort your classroom",
            "info": [
                "This was my first project when I started studing the degree and learnt how to program.",
                "I remember talking with my wife (a school teacher) and she was telling me about how complicated was sometimes to distribute her class. She needed to have homogeneous groups, taking into account things like the maturity of the child, it capacities or if it were responsible or not.",
                "I decided to create a program where she would insert her students, giving each one some scores about Autonomy, Behavior and Capacities, then program asked how many groups you want to create and give you the solution.",
                "The program was written in Java, the language that I used during my degree and with which I learnt to program, and it has even some tests writen in Junit"
            ],
            "technologies": "Java",
            "repository": "https://github.com/CarlosEspinoTimon/sortYourClassroom",
            "web": ""
        }
    ]
}